"学名","汉语名","英名","西班牙名","记录数","百分比"
"Pavo muticus","绿孔雀","Green Peafowl","Pavo real cuelliverde","103","2.45"
"Lophura nycthemera","白鹇","Silver Pheasant","Faisán plateado","80","1.90"
"Chrysolophus amherstiae","白腹锦鸡","Lady Amherst's Pheasant","Faisán de Lady Amherst","76","1.81"
"Lophophorus sclateri","白尾梢虹雉","Sclater's Monal","Monal coliblanco","74","1.76"
"Phasianus colchicus","雉鸡","Common Pheasant","Faisán vulgar","74","1.76"
"Gallus gallus","红原鸡","Red Junglefowl","Gallo bankiva","72","1.71"
"Syrmaticus humiae","黑颈长尾雉","Mrs. Hume's Pheasant","Faisán de Hume","68","1.62"
"Bambusicola fytchii","棕胸竹鸡","Mountain Bamboo Partridge","Bambusícola montana","51","1.21"
"Copsychus malabaricus","白腰鹊鸲","White-rumped Shama","Shama malabar","51","1.21"
"Lonchura striata","白腰文鸟","White-rumped Munia","Capuchino culiblanco","46","1.09"
"Pycnonotus aurigaster","白喉红臀鹎","Sooty-headed Bulbul","Bulbul ventridorado","45","1.07"
"Francolinus pintadeanus","中华鹧鸪","Chinese Francolin","Francolín chino","44","1.05"
"Pycnonotus xanthorrhous","黄臀鹎","Brown-breasted Bulbul","Bulbul pechipardo","44","1.05"
"Polyplectron bicalcaratum","灰孔雀雉","Grey Peacock-Pheasant","Espolonero chinquis","41","0.98"
NULL,NULL,NULL,NULL,"40","0.95"
"Psilopogon asiaticus","蓝喉拟啄木鸟","Blue-throated Barbet","Barbudo gorjiazul común","39","0.93"
"Motacilla alba","白鹡鸰","White Wagtail","Lavandera blanca","39","0.93"
"Copsychus saularis","鹊鸲","Oriental Magpie-Robin","Shama oriental","39","0.93"
"Tragopan temminckii","红腹角雉","Temminck's Tragopan","Tragopán cariazul","37","0.88"
"Arborophila rufogularis","红喉山鹧鸪","Rufous-throated Partridge","Arborófila golirrufa","36","0.86"
"Ithaginis cruentus","血雉","Blood Pheasant","Faisán ensangrentado","36","0.86"
"Aythya nyroca","白眼潜鸭","Ferruginous Duck","Porrón pardo","34","0.81"
"Tachybaptus ruficollis","小䴙䴘","Little Grebe","Zampullín común","34","0.81"
"Pycnonotus flaviventris",NULL,NULL,NULL,"33","0.79"
"Anas platyrhynchos","绿头鸭","Mallard","Ánade azulón","32","0.76"
"Fulica atra","白骨顶","Eurasian Coot","Focha común","31","0.74"
"Arborophila torqueola","环颈山鹧鸪","Hill Partridge","Arborófila común","31","0.74"
"Upupa epops","戴胜","Eurasian Hoopoe","Abubilla común","30","0.71"
"Chroicocephalus ridibundus","红嘴鸥","Black-headed Gull","Gaviota reidora","29","0.69"
"Saxicola ferreus","灰林䳭","Grey Bush Chat","Tarabilla gris","28","0.67"
"Lanius schach","棕背伯劳","Long-tailed Shrike","Alcaudón schach","27","0.64"
"Gallinula chloropus","黑水鸡","Common Moorhen","Gallineta común","26","0.62"
"Pycnonotus jocosus","红耳鹎","Red-whiskered Bulbul","Bulbul orfeo","25","0.59"
"Egretta garzetta","白鹭","Little Egret","Garceta común","25","0.59"
"Sitta nagaensis","栗臀䴓","Chestnut-vented Nuthatch","Trepador de las Naga","24","0.57"
"Grus nigricollis","黑颈鹤","Black-necked Crane","Grulla cuellinegra","24","0.57"
"Aethopyga siparaja","黄腰太阳鸟","Crimson Sunbird","Suimanga siparaja","24","0.57"
"Hirundo rustica","家燕","Barn Swallow","Golondrina común","23","0.55"
"Crossoptilon crossoptilon","白马鸡","White Eared Pheasant","Faisán orejudo blanco","23","0.55"
"Hypsipetes leucocephalus","黑短脚鹎","Black Bulbul","Bulbul negro","22","0.52"
"Dicrurus aeneus","古铜色卷尾","Bronzed Drongo","Drongo bronceado","22","0.52"
"Dicrurus leucophaeus","灰卷尾","Ashy Drongo","Drongo cenizo","21","0.50"
"Pellorneum ruficeps","棕头幽鹛","Puff-throated Babbler","Tordina pechiestriada","21","0.50"
"Stachyris nigriceps","黑头穗鹛","Grey-throated Babbler","Timalí gorjigrís","21","0.50"
"Pernis ptilorhynchus","凤头蜂鹰","Crested Honey Buzzard","Abejero oriental","21","0.50"
"Phoenicurus fuliginosus","红尾水鸲","Plumbeous Water Redstart","Colirrojo fuliginoso","20","0.48"
"Arachnothera magna","纹背捕蛛鸟","Streaked Spiderhunter","Arañero estriado","20","0.48"
"Heterophasia desgodinsi","黑头奇鹛","Black-headed Sibia","Sibia cabecinegra","20","0.48"
"Podiceps cristatus","凤头䴙䴘","Great Crested Grebe","Somormujo lavanco","20","0.48"
"Ardeola bacchus","池鹭","Chinese Pond Heron","Garcilla china","19","0.45"
"Lanius tephronotus","灰背伯劳","Grey-backed Shrike","Alcaudón tibetano","19","0.45"
"Aethopyga saturata","黑胸太阳鸟","Black-throated Sunbird","Suimanga gorjinegro","19","0.45"
"Culicicapa ceylonensis","方尾鹟","Grey-headed Canary-flycatcher","Papamoscas cabecigrís","19","0.45"
"Orthotomus sutorius","长尾缝叶莺","Common Tailorbird","Sastrecillo común","19","0.45"
"Pterorhinus sannio","白颊噪鹛","White-browed Laughingthrush","Charlatán payaso","18","0.43"
"Passer montanus","麻雀","Eurasian Tree Sparrow","Gorrión molinero","18","0.43"
"Spilopelia chinensis","珠颈斑鸠","Spotted Dove","Tórtola moteada oriental","18","0.43"
"Chroicocephalus brunnicephalus","棕头鸥","Brown-headed Gull","Gaviota centroasiática","18","0.43"
"Pericrocotus speciosus","赤红山椒鸟","Scarlet Minivet","Minivet escarlata","18","0.43"
"Chloropsis hardwickii","黄冠橙腹叶鹎","Orange-bellied Leafbird","Verdín ventrinaranja occidental","17","0.40"
"Macronus gularis",NULL,NULL,NULL,"17","0.40"
"Turdus dissimilis","黑胸鸫","Black-breasted Thrush","Zorzal pechinegro","17","0.40"
"Tadorna ferruginea","赤麻鸭","Ruddy Shelduck","Tarro canelo","17","0.40"
"Cyornis whitei","山蓝仙鹟","Hill Blue Flycatcher","Papamoscas pechiclaro","17","0.40"
"Spizixos canifrons","凤头雀嘴鹎","Crested Finchbill","Bulbul picogrueso","16","0.38"
"Liocichla ripponi","红翅薮鹛","Scarlet-faced Liocichla","Charlatán de Rippon","16","0.38"
"Leiothrix argentauris","银耳相思鸟","Silver-eared Mesia","Leiótrix cariblanco","16","0.38"
"Anastomus oscitans","钳嘴鹳","Asian Openbill","Picotenaza asiático","16","0.38"
"Lonchura punctulata","斑文鸟","Scaly-breasted Munia","Capuchino punteado","16","0.38"
"Motacilla cinerea","灰鹡鸰","Grey Wagtail","Lavandera cascadeña","16","0.38"
"Chalcophaps indica","绿翅金鸠","Common Emerald Dove","Palomita esmeralda cabecigrís","16","0.38"
"Aethopyga gouldiae","蓝喉太阳鸟","Mrs. Gould's Sunbird","Suimanga de Gould","15","0.36"
"Pomatorhinus ruficollis","棕颈钩嘴鹛","Streak-breasted Scimitar Babbler","Cimitarra cuellirrufa","15","0.36"
"Ardea cinerea","苍鹭","Grey Heron","Garza real","15","0.36"
"Pycnonotus flavescens","黄绿鹎","Flavescent Bulbul","Bulbul amarillento","15","0.36"
"Pycnonotus cafer","黑喉红臀鹎","Red-vented Bulbul","Bulbul cafre","15","0.36"
"Porphyrio porphyrio","西紫水鸡","Western Swamphen","Calamón común","15","0.36"
"Alcippe dubia",NULL,NULL,NULL,"14","0.33"
"Garrulax leucolophus","白冠噪鹛","White-crested Laughingthrush","Charlatán crestiblanco","14","0.33"
"Eumyias thalassinus","铜蓝鹟","Verditer Flycatcher","Papamoscas verdín","14","0.33"
"Minla ignotincta","火尾希鹛","Red-tailed Minla","Minla colirroja","14","0.33"
"Alcippe fratercula","云南雀鹛","Yunnan Fulvetta","Fulveta de Yunnan","14","0.33"
"Cecropis daurica","金腰燕","Red-rumped Swallow","Golondrina dáurica","13","0.31"
"Pteruthius aeralatus","红翅鵙鹛","White-browed Shrike-babbler","Vireo alcaudón cejiblanco","13","0.31"
"Aegithalos concinnus","红头长尾山雀","Black-throated Bushtit","Mito gorjinegro común","13","0.31"
"Coturnix coturnix","西鹌鹑","Common Quail","Codorniz común","13","0.31"
"Niltava grandis","大仙鹟","Large Niltava","Papamoscas grande","13","0.31"
"Anthus hodgsoni","树鹨","Olive-backed Pipit","Bisbita de Hodgson","13","0.31"
"Alophoixus flaveolus","黄腹冠鹎","White-throated Bulbul","Bulbul frentigrís","13","0.31"
"Psilopogon haemacephalus","赤胸拟啄木鸟","Coppersmith Barbet","Barbudo calderero","12","0.29"
"Parus spilonotus",NULL,NULL,NULL,"12","0.29"
"Tarsiger rufilatus","蓝眉林鸲","Himalayan Bluetail","Ruiseñor del Himalaya","12","0.29"
"Minla cyanouroptera",NULL,NULL,NULL,"12","0.29"
"Chaimarrornis leucocephalus",NULL,NULL,NULL,"12","0.29"
"Amaurornis phoenicurus","白胸苦恶鸟","White-breasted Waterhen","Gallineta pechiblanca","12","0.29"
"Rhipidura albicollis","白喉扇尾鹟","White-throated Fantail","Abanico gorjiblanco","12","0.29"
"Chloropsis moluccensis","蓝翅叶鹎","Blue-winged Leafbird","Verdín aliazul","12","0.29"
"Serilophus lunatus","银胸丝冠鸟","Silver-breasted Broadbill","Eurilaimo pechoplata","12","0.29"
"Sitta yunnanensis","滇䴓","Yunnan Nuthatch","Trepador de Yunnan","12","0.29"
"Treron phayrei","灰头绿鸠","Ashy-headed Green Pigeon","Vinago del Himalaya","12","0.29"
"Garrulax bieti",NULL,NULL,NULL,"12","0.29"
"Trochalopteron milnei","赤尾噪鹛","Red-tailed Laughingthrush","Charlatán colirrojo","12","0.29"
"Elanus caeruleus","黑翅鸢","Black-winged Kite","Elanio común","11","0.26"
"Erpornis zantholeuca","白腹凤鹛","White-bellied Erpornis","Yuhina ventriblanca","11","0.26"
"Alcedo atthis","普通翠鸟","Common Kingfisher","Martín pescador común","11","0.26"
"Alcippe poioicephala","褐脸雀鹛","Brown-cheeked Fulvetta","Fulveta cariparda","11","0.26"
"Streptopelia orientalis","山斑鸠","Oriental Turtle Dove","Tórtola oriental","11","0.26"
"Sitta frontalis","绒额䴓","Velvet-fronted Nuthatch","Trepador piquirrojo","11","0.26"
"Pomatorhinus gravivox",NULL,NULL,NULL,"11","0.26"
"Niltava sundara","棕腹仙鹟","Rufous-bellied Niltava","Papamoscas sundara","11","0.26"
"Ictinaetus malayensis",NULL,NULL,NULL,"11","0.26"
"Hypothymis azurea","黑枕王鹟","Black-naped Monarch","Monarca nuquinegro","11","0.26"
"Turdus boulboul","灰翅鸫","Grey-winged Blackbird","Mirlo aligrís","11","0.26"
"Garrulax chinensis",NULL,NULL,NULL,"11","0.26"
"Dicaeum minullum","纯色啄花鸟","Plain Flowerpecker","Picaflores sencillo","10","0.24"
"Hemixos flavala","灰短脚鹎","Ashy Bulbul","Bulbul ceniciento","10","0.24"
"Parus monticolus","绿背山雀","Green-backed Tit","Carbonero dorsiverde","10","0.24"
"Oriolus traillii","朱鹂","Maroon Oriole","Oropéndola granate","10","0.24"
"Microhierax caerulescens","红腿小隼","Collared Falconet","Falconete acollarado","10","0.24"
"Yuhina flavicollis","黄颈凤鹛","Whiskered Yuhina","Yuhina bigotuda","10","0.24"
"Pomatorhinus ochraceiceps","棕头钩嘴鹛","Red-billed Scimitar Babbler","Cimitarra piquirroja","10","0.24"
"Hemiprocne coronata","凤头雨燕","Crested Treeswift","Vencejo arborícola coronado","10","0.24"
"Lophura leucomelanos","黑鹇","Kalij Pheasant","Faisán kálij","10","0.24"
"Phoenicurus frontalis","蓝额红尾鸲","Blue-fronted Redstart","Colirrojo frentiazul","10","0.24"
"Ciconia nigra","黑鹳","Black Stork","Cigüeña negra","10","0.24"
"Pyrrhocorax pyrrhocorax","红嘴山鸦","Red-billed Chough","Chova piquirroja","10","0.24"
"Eudynamys scolopaceus","噪鹃","Asian Koel","Koel occidental","9","0.21"
"Picus chlorolophus","黄冠啄木鸟","Lesser Yellownape","Pito crestigualdo","9","0.21"
"Netta rufina","赤嘴潜鸭","Red-crested Pochard","Pato colorado","9","0.21"
"Cissa chinensis","蓝绿鹊","Common Green Magpie","Urraca verde","9","0.21"
"Myophonus caeruleus","紫啸鸫","Blue Whistling Thrush","Arrenga común","9","0.21"
"Myiomela leucura","白尾蓝地鸲","White-tailed Robin","Ruiseñor coliblanco","9","0.21"
"Buceros bicornis","双角犀鸟","Great Hornbill","Cálao bicorne","9","0.21"
"Actinodura egertoni","锈额斑翅鹛","Rusty-fronted Barwing","Sibia de Egerton","9","0.21"
"Chloris ambigua","黑头金翅雀","Black-headed Greenfinch","Verderón cabecinegro","9","0.21"
"Heterophasia picaoides","长尾奇鹛","Long-tailed Sibia","Sibia colilarga","9","0.21"
"Heterophasia pulchella","丽色奇鹛","Beautiful Sibia","Sibia bonita","9","0.21"
"Acridotheres tristis","家八哥","Common Myna","Miná común","9","0.21"
"Tetraophasis szechenyii","黄喉雉鹑","Szechenyi's Monal-Partridge","Perdiz faisán gorjiclara","9","0.21"
"Alophoixus pallidus","白喉冠鹎","Puff-throated Bulbul","Bulbul pálido","9","0.21"
"Ficedula westermanni","小斑姬鹟","Little Pied Flycatcher","Papamoscas pío","9","0.21"
"Zosterops palpebrosus","灰腹绣眼鸟","Indian White-eye","Anteojitos oriental","9","0.21"
"Iole propinqua","灰眼短脚鹎","Grey-eyed Bulbul","Bulbul ojigrís","9","0.21"
"Sterna aurantia","黄嘴河燕鸥","River Tern","Charrán indio","9","0.21"
"Syrmaticus reevesii","白冠长尾雉","Reeves's Pheasant","Faisán venerado","9","0.21"
"Ficedula strophiata","橙胸姬鹟","Rufous-gorgeted Flycatcher","Papamoscas gorjirrojo","9","0.21"
"Phoenicurus auroreus","北红尾鸲","Daurian Redstart","Colirrojo dáurico","9","0.21"
"Chrysophlegma flavinucha","大黄冠啄木鸟","Greater Yellownape","Pito nuquigualdo","9","0.21"
"Nycticorax nycticorax","夜鹭","Black-crowned Night Heron","Martinete común","9","0.21"
"Ninox scutulata","鹰鸮","Brown Boobook","Nínox pardo","9","0.21"
"Psittacula alexandri","绯胸鹦鹉","Red-breasted Parakeet","Cotorra pechirroja","8","0.19"
"Otus lettia","领角鸮","Collared Scops Owl","Autillo chino","8","0.19"
"Phylloscopus inornatus","黄眉柳莺","Yellow-browed Warbler","Mosquitero bilistado","8","0.19"
"Nyctyornis athertoni","蓝须夜蜂虎","Blue-bearded Bee-eater","Abejaruco barbiazul","8","0.19"
"Monticola rufiventris","栗腹矶鸫","Chestnut-bellied Rock Thrush","Roquero ventrirrufo","8","0.19"
"Parus cinereus","苍背山雀","Cinereous Tit","Carbonero indio","8","0.19"
"Pucrasia macrolopha","勺鸡","Koklass Pheasant","Faisán koklas","8","0.19"
"Trochalopteron elliotii","橙翅噪鹛","Elliot's Laughingthrush","Charlatán de Elliot","8","0.19"
"Aegithina tiphia","黑翅雀鹎","Common Iora","Iora común","8","0.19"
"Phalacrocorax carbo","普通鸬鹚","Great Cormorant","Cormorán grande","8","0.19"
"Rhopodytes tristis",NULL,NULL,NULL,"7","0.17"
"Yungipicus canicapillus","星头啄木鸟","Grey-capped Pygmy Woodpecker","Pico crestigrís","7","0.17"
"Emberiza godlewskii","灰眉岩鹀","Godlewski's Bunting","Escribano de Godlewski","7","0.17"
"Tringa totanus","红脚鹬","Common Redshank","Archibebe común","7","0.17"
"Arborophila brunneopectus","褐胸山鹧鸪","Bar-backed Partridge","Arborófila pechiparda","7","0.17"
"Arborophila rufipectus","四川山鹧鸪","Sichuan Partridge","Arborófila de Sichuán","7","0.17"
"Phylloscopus pulcher","橙斑翅柳莺","Buff-barred Warbler","Mosquitero elegante","7","0.17"
"Minla strigula",NULL,NULL,NULL,"7","0.17"
"Dicaeum ignipectus","红胸啄花鸟","Fire-breasted Flowerpecker","Picaflores pechofuego","7","0.17"
"Psarisomus dalhousiae","长尾阔嘴鸟","Long-tailed Broadbill","Eurilaimo lorito","7","0.17"
"Tropicoperdix chloropus","绿脚树鹧鸪","Green-legged Partridge","Arborófila pativerde","7","0.17"
"Buteo japonicus","普通鵟","Eastern Buzzard","Busardo japonés","7","0.17"
"Gyps himalayensis","高山兀鹫","Himalayan Vulture","Buitre del Himalaya","7","0.17"
"Pica serica","喜鹊","Oriental Magpie","Urraca oriental","7","0.17"
"Garrulax monileger","小黑领噪鹛","Lesser Necklaced Laughingthrush","Charlatán acollarado chico","7","0.17"
"Picumnus innominatus","斑姬啄木鸟","Speckled Piculet","Carpinterito moteado","7","0.17"
"Glaucidium brodiei",NULL,NULL,NULL,"7","0.17"
"Garrulax pectoralis",NULL,NULL,NULL,"7","0.17"
"Passer domesticus","家麻雀","House Sparrow","Gorrión común","7","0.17"
"Pericrocotus roseus","粉红山椒鸟","Rosy Minivet","Minivet rosado","7","0.17"
"Strix nivicolum","灰林鸮","Himalayan Owl","Cárabo del Himalaya","7","0.17"
"Abroscopus superciliaris","黄腹鹟莺","Yellow-bellied Warbler","Mosquitero cejiblanco","7","0.17"
"Anthreptes malacensis","褐喉食蜜鸟","Brown-throated Sunbird","Suimanga gorjipardo","7","0.17"
"Abroscopus schisticeps","黑脸鹟莺","Black-faced Warbler","Mosquitero carinegro","6","0.14"
"Anser anser","灰雁","Greylag Goose","Ánsar común","6","0.14"
"Anser cygnoides","鸿雁","Swan Goose","Ánsar cisnal","6","0.14"
"Anthipes monileger","白喉姬鹟","White-gorgeted Flycatcher","Papamoscas gargantilla","6","0.14"
"Arachnothera longirostra","长嘴捕蛛鸟","Little Spiderhunter","Arañero chico","6","0.14"
"Arborophila atrogularis","白颊山鹧鸪","White-cheeked Partridge","Arborófila cariblanca","6","0.14"
"Aythya ferina","红头潜鸭","Common Pochard","Porrón europeo","6","0.14"
"Aythya fuligula","凤头潜鸭","Tufted Duck","Porrón moñudo","6","0.14"
"Chelidorhynx hypoxantha",NULL,NULL,NULL,"6","0.14"
"Dendrocitta formosae","灰树鹊","Grey Treepie","Urraca gris","6","0.14"
"Dicrurus macrocercus","黑卷尾","Black Drongo","Drongo real","6","0.14"
"Egretta intermedia",NULL,NULL,NULL,"6","0.14"
"Fulvetta ruficapilla","棕头雀鹛","Spectacled Fulvetta","Fulveta de Verreaux","6","0.14"
"Gampsorhynchus rufulus","白头鵙鹛","White-hooded Babbler","Timalí cabeciblanco","6","0.14"
"Garrulax cineraceus",NULL,NULL,NULL,"6","0.14"
"Geokichla citrina","橙头地鸫","Orange-headed Thrush","Zorzal citrino","6","0.14"
"Grus grus","灰鹤","Common Crane","Grulla común","6","0.14"
"Hemipus picatus","褐背鹟鵙","Bar-winged Flycatcher-shrike","Oruguero alibarrado","6","0.14"
"Indicator xanthonotus","黄腰响蜜䴕","Yellow-rumped Honeyguide","Indicador indio","6","0.14"
"Ixos mcclellandii","绿翅短脚鹎","Mountain Bulbul","Bulbul de McClelland","6","0.14"
"Mareca penelope","赤颈鸭","Eurasian Wigeon","Silbón europeo","6","0.14"
"Mareca strepera","赤膀鸭","Gadwall","Ánade friso","6","0.14"
"Monticola solitarius","蓝矶鸫","Blue Rock Thrush","Roquero solitario","6","0.14"
"Motacilla citreola","黄头鹡鸰","Citrine Wagtail","Lavandera cetrina","6","0.14"
"Mulleripicus pulverulentus","大灰啄木鸟","Great Slaty Woodpecker","Picatroncos pizarroso","6","0.14"
"Napothera brevicaudata",NULL,NULL,NULL,"6","0.14"
"Pomatorhinus phayrei","褐冠钩嘴鹛","Brown-crowned Scimitar Babbler","Cimitarra coroniparda","6","0.14"
"Psilopogon virens","大拟啄木鸟","Great Barbet","Barbudo grande","6","0.14"
"Psittacula derbiana","大紫胸鹦鹉","Lord Derby's Parakeet","Cotorra de Derby","6","0.14"
"Rhyticeros undulatus","花冠皱盔犀鸟","Wreathed Hornbill","Cálao gorjinegro","6","0.14"
"Spodiopsar cineraceus","灰椋鸟","White-cheeked Starling","Estornino gris","6","0.14"
"Synoicus chinensis","蓝胸鹑","King Quail","Codorniz china","6","0.14"
"Tragopan blythii","灰腹角雉","Blyth's Tragopan","Tragopán de Blyth","6","0.14"
"Trochalopteron squamatum","蓝翅噪鹛","Blue-winged Laughingthrush","Charlatán aliazul","6","0.14"
"Tyto javanica","仓鸮","Eastern Barn Owl",NULL,"6","0.14"
"Vanellus duvaucelii","距翅麦鸡","River Lapwing","Avefría fluvial","6","0.14"
"Yuhina diademata",NULL,NULL,NULL,"6","0.14"
"Yuhina occipitalis","棕臀凤鹛","Rufous-vented Yuhina","Yuhina ventrirrufa","6","0.14"
"Emberiza pusilla","小鹀","Little Bunting","Escribano pigmeo","5","0.12"
"Chloropsis aurifrons","金额叶鹎","Golden-fronted Leafbird","Verdín frentidorado","5","0.12"
"Passer cinnamomeus","山麻雀","Russet Sparrow","Gorrión rutilante","5","0.12"
"Alcippe nipalensis","白眶雀鹛","Nepal Fulvetta","Fulveta nepalesa","5","0.12"
"Trochalopteron chrysopterum","金翅噪鹛","Assam Laughingthrush","Charlatán de Assam","5","0.12"
"Apus nipalensis","小白腰雨燕","House Swift","Vencejo oriental","5","0.12"
"Napothera crispifrons",NULL,NULL,NULL,"5","0.12"
"Artamus fuscus","灰燕鵙","Ashy Woodswallow","Artamo ceniciento","5","0.12"
"Troglodytes troglodytes","鹪鹩","Eurasian Wren","Chochín paleártico","5","0.12"
"Trochalopteron affine","黑顶噪鹛","Black-faced Laughingthrush","Charlatán carinegro","5","0.12"
"Anser indicus","斑头雁","Bar-headed Goose","Ánsar indio","5","0.12"
"Dicrurus remifer","小盘尾","Lesser Racket-tailed Drongo","Drongo de raquetas chico","5","0.12"
"Psittiparus bakeri","红头鸦雀","Rufous-headed Parrotbill","Picoloro cabecirrufo oriental","5","0.12"
"Dendrocitta frontalis","黑额树鹊","Collared Treepie","Urraca acollarada","5","0.12"
"Cygnus atratus","黑天鹅","Black Swan","Cisne negro","5","0.12"
"Psilopogon franklinii","金喉拟啄木鸟","Golden-throated Barbet","Barbudo de Franklin","5","0.12"
"Aethopyga ignicauda","火尾太阳鸟","Fire-tailed Sunbird","Suimanga colafuego","5","0.12"
"Glaucidium cuculoides","斑头鸺鹠","Asian Barred Owlet","Mochuelo cuco","5","0.12"
"Garrulax caerulatus",NULL,NULL,NULL,"5","0.12"
"Ficedula erithacus","锈胸蓝姬鹟","Slaty-backed Flycatcher","Papamoscas pechirrojo","5","0.12"
"Chrysolophus pictus","红腹锦鸡","Golden Pheasant","Faisán dorado","5","0.12"
"Pitta oatesi",NULL,NULL,NULL,"5","0.12"
"Picus canus","灰头绿啄木鸟","Grey-headed Woodpecker","Pito cano","5","0.12"
"Cypsiurus balasiensis","棕雨燕","Asian Palm Swift","Vencejo palmero asiático","5","0.12"
"Irena puella","和平鸟","Asian Fairy-bluebird","Irena común","5","0.12"
"Dicrurus paradiseus","大盘尾","Greater Racket-tailed Drongo","Drongo de raquetas grande","5","0.12"
"Chalcoparia singalensis","紫颊直嘴太阳鸟","Ruby-cheeked Sunbird","Suimanga carirrubí","5","0.12"
"Corvus macrorhynchos","大嘴乌鸦","Large-billed Crow","Cuervo picudo","5","0.12"
"Cettia castaneocoronata","栗头地莺","Chestnut-headed Tesia","Cetia cabecicastaña","5","0.12"
"Sitta cinnamoventris","栗腹䴓","Chestnut-bellied Nuthatch","Trepador ventricastaño","4","0.10"
"Riparia chinensis","灰喉沙燕","Grey-throated Martin","Avión paludícola asiático","4","0.10"
"Ketupa zeylonensis","褐渔鸮","Brown Fish Owl","Búho pescador de Ceilán","4","0.10"
"Lanius collurioides","栗背伯劳","Burmese Shrike","Alcaudón birmano","4","0.10"
"Enicurus schistaceus","灰背燕尾","Slaty-backed Forktail","Torrentero dorsigrís","4","0.10"
"Pycnonotus striatus",NULL,NULL,NULL,"4","0.10"
"Pteruthius melanotis","栗喉鵙鹛","Black-eared Shrike-babbler","Vireo alcaudón orejudo","4","0.10"
"Cyornis concretus",NULL,NULL,NULL,"4","0.10"
"Leiothrix lutea","红嘴相思鸟","Red-billed Leiothrix","Leiótrix piquirrojo","4","0.10"
"Turdus rubrocanus","灰头鸫","Chestnut Thrush","Zorzal castaño","4","0.10"
"Yuhina gularis","纹喉凤鹛","Stripe-throated Yuhina","Yuhina goliestriada","4","0.10"
"Psilopogon duvaucelii","蓝耳拟啄木鸟","Blue-eared Barbet","Barbudo orejinegro","4","0.10"
"Cyanopica cyanus","灰喜鹊","Azure-winged Magpie","Rabilargo asiático","4","0.10"
"Brachypteryx montana","蓝短翅鸫","Javan Shortwing","Alicorto de Java","4","0.10"
"Lophophorus lhuysii","绿尾虹雉","Chinese Monal","Monal coliverde","4","0.10"
"Carpodacus erythrinus","普通朱雀","Common Rosefinch","Camachuelo carminoso","4","0.10"
"Phylloscopus forresti","四川柳莺","Sichuan Leaf Warbler","Mosquitero de Sichuan","4","0.10"
"Carpodacus sipahi","血雀","Scarlet Finch","Camachuelo escarlata","4","0.10"
"Centropus sinensis","褐翅鸦鹃","Greater Coucal","Cucal chino","4","0.10"
"Urocissa erythroryncha","红嘴蓝鹊","Red-billed Blue Magpie","Urraca piquirroja","4","0.10"
"Chrysocolaptes guttacristatus","大金背啄木鸟","Greater Flameback","Pito sultán grande","4","0.10"
"Mergus merganser","普通秋沙鸭","Common Merganser","Serreta grande","4","0.10"
"Merops leschenaulti","栗头蜂虎","Chestnut-headed Bee-eater","Abejaruco cabecirrufo","4","0.10"
"Merops orientalis","绿喉蜂虎","Asian Green Bee-eater","Abejaruco esmeralda oriental","4","0.10"
"Ciconia boyciana","东方白鹳","Oriental Stork","Cigüeña oriental","4","0.10"
"Nucifraga hemispila",NULL,NULL,NULL,"4","0.10"
"Emberiza elegans","黄喉鹀","Yellow-throated Bunting","Escribano elegante","4","0.10"
"Trochalopteron subunicolor","纯色噪鹛","Scaly Laughingthrush","Charlatán modesto","4","0.10"
"Aegypius monachus","秃鹫","Cinereous Vulture","Buitre negro","4","0.10"
"Halcyon smyrnensis","白胸翡翠","White-throated Kingfisher","Alción de Esmirna","4","0.10"
"Haliaeetus albicilla","白尾海雕","White-tailed Eagle","Pigargo europeo","4","0.10"
"Garrulax ocellatus",NULL,NULL,NULL,"4","0.10"
"Aethopyga nipalensis","绿喉太阳鸟","Green-tailed Sunbird","Suimanga coliverde","4","0.10"
"Treron apicauda","针尾绿鸠","Pin-tailed Green Pigeon","Vinago rabudo","4","0.10"
"Ducula badia","山皇鸠","Mountain Imperial Pigeon","Dúcula dorsicastaña","4","0.10"
"Heterophasia annectans",NULL,NULL,NULL,"4","0.10"
"Zoothera dixoni","长尾地鸫","Long-tailed Thrush","Zorzal de Dixon","4","0.10"
"Tetrastes sewerzowi","斑尾榛鸡","Chinese Grouse","Grévol chino","4","0.10"
"Surniculus lugubris","乌鹃","Square-tailed Drongo-Cuckoo","Cuclillo drongo colitruncado","4","0.10"
"Sturnia malabarica","灰头椋鸟","Chestnut-tailed Starling","Estornino malabar","4","0.10"
"Dendrocopos atratus","纹胸啄木鸟","Stripe-breasted Woodpecker","Pico estriado","4","0.10"
"Strix leptogrammica","褐林鸮","Brown Wood Owl","Cárabo oriental","4","0.10"
"Fulvetta vinipectus","白眉雀鹛","White-browed Fulvetta","Fulveta cejiblanca","4","0.10"
"Anthracoceros albirostris","冠斑犀鸟","Oriental Pied Hornbill","Cálao cariblanco","4","0.10"
"Spatula clypeata","琵嘴鸭","Northern Shoveler","Cuchara común","4","0.10"
"Anthus roseatus","粉红胸鹨","Rosy Pipit","Bisbita rosado","4","0.10"
"Sitta magna","巨䴓","Giant Nuthatch","Trepador gigante","4","0.10"
"Anthus rufulus","田鹨","Paddyfield Pipit","Bisbita oriental","4","0.10"
"Elachura formosa","丽星鹩鹛","Spotted Elachura","Ratina moteada","3","0.07"
"Dryobates cathpharius","赤胸啄木鸟","Crimson-breasted Woodpecker","Pico pechirrojo occidental","3","0.07"
"Gracula religiosa","鹩哥","Common Hill Myna","Miná religioso","3","0.07"
"Zosterops erythropleurus","红胁绣眼鸟","Chestnut-flanked White-eye","Anteojitos flanquirrufo","3","0.07"
"Harpactes erythrocephalus","红头咬鹃","Red-headed Trogon","Trogón cabecirrojo","3","0.07"
"Dicaeum cruentatum","朱背啄花鸟","Scarlet-backed Flowerpecker","Picaflores dorsirrojo","3","0.07"
"Dendrocopos major","大斑啄木鸟","Great Spotted Woodpecker","Pico picapinos","3","0.07"
"Hypogramma hypogrammicum",NULL,NULL,NULL,"3","0.07"
"Lanius cristatus","红尾伯劳","Brown Shrike","Alcaudón pardo","3","0.07"
"Leptoptilos javanicus","秃鹳","Lesser Adjutant","Marabú menor","3","0.07"
"Lophophorus impejanus","棕尾虹雉","Himalayan Monal","Monal colirrojo","3","0.07"
"Milvus migrans","黑鸢","Black Kite","Milano negro","3","0.07"
"Columba livia","原鸽","Rock Dove","Paloma bravía","3","0.07"
"Acridotheres albocinctus","白领八哥","Collared Myna","Miná acollarado","3","0.07"
"Vanellus indicus","肉垂麦鸡","Red-wattled Lapwing","Avefría india","3","0.07"
"Circus cyaneus","白尾鹞","Hen Harrier","Aguilucho pálido","3","0.07"
"Cinclus pallasii","褐河乌","Brown Dipper","Mirlo acuático pardo","3","0.07"
"Chrysococcyx xanthorhynchus","紫金鹃","Violet Cuckoo","Cuclillo violeta","3","0.07"
"Otus sunia","红角鸮","Oriental Scops Owl","Autillo oriental","3","0.07"
"Phylloscopus fuscatus","褐柳莺","Dusky Warbler","Mosquitero sombrío","3","0.07"
"Phylloscopus maculipennis","灰喉柳莺","Ashy-throated Warbler","Mosquitero gorjigrís","3","0.07"
"Caprimulgus macrurus","长尾夜鹰","Large-tailed Nightjar","Chotacabras macruro","3","0.07"
"Plegadis falcinellus","彩鹮","Glossy Ibis","Morito común","3","0.07"
"Cacomantis sonneratii","栗斑杜鹃","Banded Bay Cuckoo","Cuco bayo","3","0.07"
"Prunella collaris","领岩鹨","Alpine Accentor","Acentor alpino","3","0.07"
"Psittacula eupatria","亚历山大鹦鹉","Alexandrine Parakeet","Cotorra alejandrina","3","0.07"
"Psittacula finschii","灰头鹦鹉","Grey-headed Parakeet","Cotorra de Finsch","3","0.07"
"Psittacula roseata","花头鹦鹉","Blossom-headed Parakeet","Cotorra carirrosa","3","0.07"
"Aquila nipalensis","草原雕","Steppe Eagle","Águila esteparia","3","0.07"
"Spilornis cheela","蛇雕","Crested Serpent Eagle","Culebrera chiíla","3","0.07"
"Yuhina torqueola",NULL,NULL,NULL,"3","0.07"
"Spodiopsar sericeus","丝光椋鸟","Red-billed Starling","Estornino piquirrojo","3","0.07"
"Stachyridopsis ruficeps",NULL,NULL,NULL,"3","0.07"
"Anas zonorhyncha","斑嘴鸭","Eastern Spot-billed Duck","Ánade picopinto chino","3","0.07"
"Anas poecilorhyncha","印缅斑嘴鸭","Indian Spot-billed Duck","Ánade picopinto indio","3","0.07"
"Acridotheres cristatellus","八哥","Crested Myna","Miná crestado","3","0.07"
"Anas crecca","绿翅鸭","Eurasian Teal","Cerceta común","3","0.07"
"Tragopan satyra","红胸角雉","Satyr Tragopan","Tragopán sátiro","3","0.07"
"Zoothera marginata","长嘴地鸫","Dark-sided Thrush","Zorzal flanquioscuro","3","0.07"
"Aegithina lafresnayei","大绿雀鹎","Great Iora","Iora grande","3","0.07"
"Aegithalos iouschistos","棕额长尾山雀","Rufous-fronted Bushtit","Mito frentirrufo","3","0.07"
"Falco peregrinus","游隼","Peregrine Falcon","Halcón peregrino","3","0.07"
"Falco severus","猛隼","Oriental Hobby","Alcotán filipino","3","0.07"
"Ficedula albicilla","红喉姬鹟","Taiga Flycatcher","Papamoscas de la taiga","3","0.07"
"Enicurus leschenaulti","白冠燕尾","White-crowned Forktail","Torrentero coroniblanco","3","0.07"
"Fulvetta manipurensis","褐头雀鹛","Manipur Fulvetta","Fulveta de Manipur","3","0.07"
"Turdus hortulorum","灰背鸫","Grey-backed Thrush","Zorzal dorsigrís","2","0.05"
"Paradoxornis guttaticollis","点胸鸦雀","Spot-breasted Parrotbill","Picoloro pechipinto","2","0.05"
"Chleuasicus atrosuperciliaris","黑眉鸦雀","Pale-billed Parrotbill","Picoloro cejinegro","2","0.05"
"Mareca falcata","罗纹鸭","Falcated Duck","Cerceta de Alfanjes","2","0.05"
"Macropygia unchall","斑尾鹃鸠","Barred Cuckoo-Dove","Tórtola cuco unchal","2","0.05"
"Pericrocotus brevirostris","短嘴山椒鸟","Short-billed Minivet","Minivet piquicorto","2","0.05"
"Pericrocotus cantonensis","小灰山椒鸟","Swinhoe's Minivet","Minivet de Swinhoe","2","0.05"
"Pericrocotus ethologus","长尾山椒鸟","Long-tailed Minivet","Minivet colilargo","2","0.05"
"Carpodacus verreauxii","点翅朱雀","Sharpe's Rosefinch","Camachuelo de Sharpe","2","0.05"
"Phoenicurus hodgsoni","黑喉红尾鸲","Hodgson's Redstart","Colirrojo de Hodgson","2","0.05"
"Phoenicurus schisticeps","白喉红尾鸲","White-throated Redstart","Colirrojo gorjiblanco","2","0.05"
"Phyllergates cuculatus",NULL,NULL,NULL,"2","0.05"
"Turdus kessleri","棕背黑头鸫","White-backed Thrush","Zorzal de Kessler","2","0.05"
"Phylloscopus plumbeitarsus","双斑绿柳莺","Two-barred Warbler","Mosquitero patigrís","2","0.05"
"Pitta nipalensis",NULL,NULL,NULL,"2","0.05"
"Pitta sordida","绿胸八色鸫","Hooded Pitta","Pita encapuchada occidental","2","0.05"
"Pnoepyga pusilla","小鳞胸鹪鹛","Pygmy Cupwing","Ratina pigmea","2","0.05"
"Cairina moschata","疣鼻栖鸭","Muscovy Duck","Pato criollo","2","0.05"
"Turdus mupinensis","宝兴歌鸫","Chinese Thrush","Zorzal chino","2","0.05"
"Pomatorhinus superciliaris","剑嘴鹛","Slender-billed Scimitar Babbler","Cimitarra picofina","2","0.05"
"Prinia hodgsonii","灰胸山鹪莺","Grey-breasted Prinia","Prinia de Hodgson","2","0.05"
"Prinia superciliaris","黑喉山鹪莺","Hill Prinia","Prinia montana","2","0.05"
"Procarduelis nipalensis","暗胸朱雀","Dark-breasted Rosefinch","Camachuelo oscuro","2","0.05"
"Gampsorhynchus torquatus","领鵙鹛","Collared Babbler","Timalí acollarado","2","0.05"
"Prunella immaculata","栗背岩鹨","Maroon-backed Accentor","Acentor inmaculado","2","0.05"
"Cutia nipalensis","斑胁姬鹛","Himalayan Cutia","Cutia nepalesa","2","0.05"
"Falco tinnunculus","红隼","Common Kestrel","Cernícalo vulgar","2","0.05"
"Geopelia striata","斑姬地鸠","Zebra Dove","Tortolita estriada","2","0.05"
"Lerwa lerwa","雪鹑","Snow Partridge","Perdiz lerwa","2","0.05"
"Bambusicola thoracicus","灰胸竹鸡","Chinese Bamboo Partridge","Bambusícola china","2","0.05"
"Pteruthius intermedius","栗额鵙鹛","Clicking Shrike-babbler","Vireo alcaudón frenticastaño","2","0.05"
"Aythya baeri","青头潜鸭","Baer's Pochard","Porrón de Baer","2","0.05"
"Ficedula hyperythra","棕胸蓝姬鹟","Snowy-browed Flycatcher","Papamoscas cejiníveo","2","0.05"
"Aquila heliaca","白肩雕","Eastern Imperial Eagle","Águila imperial oriental","2","0.05"
"Aquila fasciata","白腹隼雕","Bonelli's Eagle","Águila perdicera","2","0.05"
"Sasia ochracea","白眉棕啄木鸟","White-browed Piculet","Carpinterito cejiblanco","2","0.05"
"Saxicola maurus","黑喉石䳭","Siberian Stonechat","Tarabilla Siberiana","2","0.05"
"Anthus sylvanus","山鹨","Upland Pipit","Bisbita del Himalaya","2","0.05"
"Sinosuthora brunnea","褐翅鸦雀","Brown-winged Parrotbill","Picoloro alipardo","2","0.05"
"Jynx torquilla","蚁䴕","Eurasian Wryneck","Torcecuello euroasiático","2","0.05"
"Sitta himalayensis","白尾䴓","White-tailed Nuthatch","Trepador del Himalaya","2","0.05"
"Enicurus scouleri","小燕尾","Little Forktail","Torrentero chico","2","0.05"
"Anthocincla phayrei",NULL,NULL,NULL,"2","0.05"
"Stachyridopsis chrysaea",NULL,NULL,NULL,"2","0.05"
"Enicurus maculatus","斑背燕尾","Spotted Forktail","Torrentero moteado","2","0.05"
"Hydrophasianus chirurgus","水雉","Pheasant-tailed Jacana","Jacana colilarga","2","0.05"
"Staphida castaniceps","栗耳凤鹛","Striated Yuhina","Yuhina estriada","2","0.05"
"Sylviparus modestus","黄眉林雀","Yellow-browed Tit","Herrerillo modesto","2","0.05"
"Dendrocopos darjellensis","黄颈啄木鸟","Darjeeling Woodpecker","Pico de Darjeeling","2","0.05"
"Tarsiger chrysaeus","金色林鸲","Golden Bush Robin","Ruiseñor dorado","2","0.05"
"Tarsiger cyanurus","红胁蓝尾鸲","Red-flanked Bluetail","Ruiseñor coliazul","2","0.05"
"Alauda gulgula","小云雀","Oriental Skylark","Alondra oriental","2","0.05"
"Tephrodornis virgatus","钩嘴林鵙","Large Woodshrike","Ceniciento grande","2","0.05"
"Terpsiphone paradisi","印度寿带","Indian Paradise Flycatcher","Monarca del paraíso indio","2","0.05"
"Tesia cyaniventer","灰腹地莺","Grey-bellied Tesia","Tesia cejiamarilla","2","0.05"
"Tesia olivea","金冠地莺","Slaty-bellied Tesia","Tesia pizarrosa","2","0.05"
"Aix galericulata","鸳鸯","Mandarin Duck","Pato mandarín","2","0.05"
"Timalia pileata","红顶鹛","Chestnut-capped Babbler","Timalí capirotado","2","0.05"
"Heterophasia gracilis","灰奇鹛","Grey Sibia","Sibia gris","2","0.05"
"Agraphospiza rubescens","赤朱雀","Blanford's Rosefinch","Camachuelo de Blanford","2","0.05"
"Tyto longimembris","草鸮","Eastern Grass Owl","Lechuza patilarga","2","0.05"
"Treron curvirostra","厚嘴绿鸠","Thick-billed Green Pigeon","Vinago piquigrueso","2","0.05"
"Dicrurus annectens","鸦嘴卷尾","Crow-billed Drongo","Drongo picogordo","2","0.05"
"Treron sphenurus","楔尾绿鸠","Wedge-tailed Green Pigeon","Vinago rabocuña","2","0.05"
"Dicrurus hottentottus","发冠卷尾","Hair-crested Drongo","Drongo crestudo","2","0.05"
"Coracina melaschistos",NULL,NULL,NULL,"2","0.05"
"Coracina javensis","爪哇鹃鵙","Javan Cuckooshrike","Oruguero de Java","2","0.05"
"Columba hodgsonii","点斑林鸽","Speckled Wood Pigeon","Paloma de Hodgson","2","0.05"
"Coloeus dauuricus","达乌里寒鸦","Daurian Jackdaw","Grajilla oriental","2","0.05"
"Glareola lactea","灰燕鸻","Small Pratincole","Canastera chica","2","0.05"
"Vanellus vanellus","凤头麦鸡","Northern Lapwing","Avefría europea","2","0.05"
"Muscicapa sibirica","乌鹟","Dark-sided Flycatcher","Papamoscas siberiano","2","0.05"
"Corvus corone","小嘴乌鸦","Carrion Crow","Corneja negra","2","0.05"
"Nisaetus nipalensis","鹰雕","Mountain Hawk-Eagle","Águila montañesa","2","0.05"
"Metopidius indicus","铜翅水雉","Bronze-winged Jacana","Jacana bronceada","2","0.05"
"Melanochlora sultanea","冕雀","Sultan Tit","Carbonero sultán","2","0.05"
"Otus spilocephalus","黄嘴角鸮","Mountain Scops Owl","Autillo montano","2","0.05"
"Tetraophasis obscurus","红喉雉鹑","Verreaux's Monal-Partridge","Perdiz faisán gorjioscura","1","0.02"
"Dryocopus javensis","白腹黑啄木鸟","White-bellied Woodpecker","Picamaderos ventriblanco","1","0.02"
"Cochoa purpurea","紫宽嘴鸫","Purple Cochoa","Cochoa púrpura","1","0.02"
"Dendrocopos hyperythrus","棕腹啄木鸟","Rufous-bellied Woodpecker","Pico ventrirrufo","1","0.02"
"Psittiparus gularis","灰头鸦雀","Grey-headed Parrotbill","Picoloro cabecigrís","1","0.02"
"Cisticola juncidis","棕扇尾莺","Zitting Cisticola","Cistícola buitrón","1","0.02"
"Babax lanceolatus",NULL,NULL,NULL,"1","0.02"
"Zosterops simplex","暗绿绣眼鸟","Swinhoe's White-eye",NULL,"1","0.02"
"Larus fuscus","小黑背鸥","Lesser Black-backed Gull","Gaviota sombría","1","0.02"
"Pteruthius rufiventer","棕腹鵙鹛","Black-headed Shrike-babbler","Vireo alcaudón ventrirrufo","1","0.02"
"Pteruthius xanthochlorus","淡绿鵙鹛","Green Shrike-babbler","Vireo alcaudón verde","1","0.02"
"Ptyonoprogne concolor","纯色岩燕","Dusky Crag Martin","Avión oscuro","1","0.02"
"Gallinago gallinago","扇尾沙锥","Common Snipe","Agachadiza común","1","0.02"
"Aviceda jerdoni","褐冠鹃隼","Jerdon's Baza","Baza oriental","1","0.02"
"Lanius tigrinus","虎纹伯劳","Tiger Shrike","Alcaudón tigre","1","0.02"
"Ardea purpurea","草鹭","Purple Heron","Garza imperial","1","0.02"
"Ardea alba","大白鹭","Great Egret","Garceta grande","1","0.02"
"Megalurus palustris","沼泽大尾莺","Striated Grassbird","Yerbera palustre","1","0.02"
"Cyornis glaucicomans","中华仙鹟","Chinese Blue Flycatcher","Papamoscas chino","1","0.02"
"Napothera epilepidota","纹胸鹪鹛","Eyebrowed Wren-Babbler","Ratina cejuda","1","0.02"
"Aegithina viridissima","绿雀鹎","Green Iora","Iora verde","1","0.02"
"Pyrrhoplectes epauletta","金枕黑雀","Golden-naped Finch","Pinzón nuquigualdo","1","0.02"
"Pyrrhula erythaca","灰头灰雀","Grey-headed Bullfinch","Camachuelo cabecigrís","1","0.02"
"Rallina eurizonoides","白喉斑秧鸡","Slaty-legged Crake","Polluela de jungla","1","0.02"
"Aquila clanga",NULL,NULL,NULL,"1","0.02"
"Cyornis hainanus","海南蓝仙鹟","Hainan Blue Flycatcher","Papamoscas de Hainan","1","0.02"
"Accipiter nisus","雀鹰","Eurasian Sparrowhawk","Gavilán común","1","0.02"
"Ketupa nipalensis","林雕鸮","Spot-bellied Eagle-Owl","Búho nepalí","1","0.02"
"Riparia riparia","崖沙燕","Sand Martin","Avión zapador","1","0.02"
"Niltava davidi","棕腹大仙鹟","Fujian Niltava","Papamoscas de David","1","0.02"
"Aplonis panayensis","亚洲辉椋鸟","Asian Glossy Starling","Estornino bronceado","1","0.02"
"Cinnyris asiaticus","紫色花蜜鸟","Purple Sunbird","Suimanga asiático","1","0.02"
"Seicercus castaniceps",NULL,NULL,NULL,"1","0.02"
"Seicercus poliogenys",NULL,NULL,NULL,"1","0.02"
"Tringa ochropus","白腰草鹬","Green Sandpiper","Andarríos grande","1","0.02"
"Sinosuthora alphonsiana","灰喉鸦雀","Ashy-throated Parrotbill","Picoloro gorjigrís","1","0.02"
"Harpactes oreskios","橙胸咬鹃","Orange-breasted Trogon","Trogón pechinaranja","1","0.02"
"Haliastur indus","栗鸢","Brahminy Kite","Milano brahmán","1","0.02"
"Sitta formosa","丽䴓","Beautiful Nuthatch","Trepador hermoso","1","0.02"
"Cyornis unicolor","纯蓝仙鹟","Pale Blue Flycatcher","Papamoscas azulado","1","0.02"
"Halcyon pileata","蓝翡翠","Black-capped Kingfisher","Alción capirotado","1","0.02"
"Actinodura waldeni","纹胸斑翅鹛","Streak-throated Barwing","Sibia de Yunnan","1","0.02"
"Delichon dasypus","烟腹毛脚燕","Asian House Martin","Avión asiático","1","0.02"
"Anthus richardi","理氏鹨","Richard's Pipit","Bisbita de Richard","1","0.02"
"Ichthyaetus ichthyaetus","渔鸥","Pallas's Gull","Gavión cabecinegro","1","0.02"
"Spelaeornis troglodytoides","斑翅鹩鹛","Bar-winged Wren-Babbler","Ratina alibarrada","1","0.02"
"Delichon nipalense","黑喉毛脚燕","Nepal House Martin","Avión nepalí","1","0.02"
"Aethopyga christinae","叉尾太阳鸟","Fork-tailed Sunbird","Suimanga de Christina","1","0.02"
"Micropternus brachyurus","栗啄木鸟","Rufous Woodpecker","Carpintero rufo","1","0.02"
"Ficedula superciliaris","白眉蓝姬鹟","Ultramarine Flycatcher","Papamoscas ultramarino","1","0.02"
"Garrulus glandarius","松鸦","Eurasian Jay","Arrendajo euroasiático","1","0.02"
"Gallirallus striatus",NULL,NULL,NULL,"1","0.02"
"Cinclus cinclus","河乌","White-throated Dipper","Mirlo acuático europeo","1","0.02"
"Stachyridopsis rufifrons",NULL,NULL,NULL,"1","0.02"
"Oriolus xanthornus","黑头黄鹂","Black-hooded Oriole","Oropéndola encapuchada","1","0.02"
"Coracias affinis","棕胸佛法僧","Indochinese Roller","Carraca indochina","1","0.02"
"Anorrhinus austeni","白喉犀鸟","Austen's Brown Hornbill","Cálao pardo de Austen","1","0.02"
"Vanellus cinereus","灰头麦鸡","Grey-headed Lapwing","Avefría ceniza","1","0.02"
"Chloris sinica","金翅雀","Grey-capped Greenfinch","Verderón chino","1","0.02"
"Garrulax merulinus","斑胸噪鹛","Spot-breasted Laughingthrush","Charlatán pechipinto","1","0.02"
"Urocissa flavirostris","黄嘴蓝鹊","Yellow-billed Blue Magpie","Urraca piquigualda","1","0.02"
"Streptopelia tranquebarica","火斑鸠","Red Collared Dove","Tórtola cabecigrís","1","0.02"
"Ceyx erithaca","三趾翠鸟","Oriental Dwarf Kingfisher","Martín pigmeo oriental","1","0.02"
"Hirundo smithii","线尾燕","Wire-tailed Swallow","Golondrina colilarga","1","0.02"
"Pellorneum albiventre","白腹幽鹛","Spot-throated Babbler","Tordina golipinta","1","0.02"
"Ceryle rudis","斑鱼狗","Pied Kingfisher","Martín pescador pío","1","0.02"
"Pellorneum tickelli","棕胸雅鹛","Buff-breasted Babbler","Tordina de Tickell","1","0.02"
"Turdus obscurus","白眉鸫","Eyebrowed Thrush","Zorzal rojigrís","1","0.02"
"Hirundapus caudacutus","白喉针尾雨燕","White-throated Needletail","Vencejo mongol","1","0.02"
"Sturnus vulgaris","紫翅椋鸟","Common Starling","Estornino pinto","1","0.02"
"Certhia himalayana","高山旋木雀","Bar-tailed Treecreeper","Agateador del Himalaya","1","0.02"
"Cephalopyrus flammiceps","火冠雀","Fire-capped Tit","Pájaro moscón carirrojo","1","0.02"
"Luscinia cyane",NULL,NULL,NULL,"1","0.02"
"Carpodacus vinaceus","酒红朱雀","Vinaceous Rosefinch","Camachuelo vinoso","1","0.02"
"Hieraaetus pennatus","靴隼雕","Booted Eagle","Águila calzada","1","0.02"
"Carpodacus subhimachalus","红眉松雀","Crimson-browed Finch","Camachuelo cejirrojo","1","0.02"
"Luscinia calliope",NULL,NULL,NULL,"1","0.02"
"Carpodacus sibiricus","长尾雀","Siberian Long-tailed Rosefinch","Camachuelo colilargo","1","0.02"
"Suthora nipalensis","橙额鸦雀","Black-throated Parrotbill","Picoloro gorjinegro","1","0.02"
"Sylvia curruca",NULL,NULL,NULL,"1","0.02"
"Garrulax ruficollis",NULL,NULL,NULL,"1","0.02"
"Phylloscopus affinis","黄腹柳莺","Tickell's Leaf Warbler","Mosquitero de Tickell","1","0.02"
"Phylloscopus armandii","棕眉柳莺","Yellow-streaked Warbler","Mosquitero de David","1","0.02"
"Luscinia brunnea",NULL,NULL,NULL,"1","0.02"
"Turdus mandarinus","乌鸫","Chinese Blackbird","Mirlo mandarín","1","0.02"
"Phylloscopus humei","淡眉柳莺","Hume's Leaf Warbler","Mosquitero de Hume","1","0.02"
"Carpodacus puniceus","红胸朱雀","Red-fronted Rosefinch","Camachuelo frentirrojo","1","0.02"
"Erythrura prasina","长尾鹦雀","Pin-tailed Parrotfinch","Diamante colifino","1","0.02"
"Garrulax rufogularis",NULL,NULL,NULL,"1","0.02"
"Corvus splendens","家鸦","House Crow","Cuervo indio","1","0.02"
"Phylloscopus reguloides","西南冠纹柳莺","Blyth's Leaf Warbler","Mosquitero de Blyth","1","0.02"
"Phylloscopus subaffinis","棕腹柳莺","Buff-throated Warbler","Mosquitero gorjiclaro","1","0.02"
"Pica bottanensis","青藏喜鹊","Black-rumped Magpie","Urraca del himalaya","1","0.02"
"Carpodacus dubius","白眉朱雀","Chinese White-browed Rosefinch","Camachuelo chino","1","0.02"
"Eophona migratoria","黑尾蜡嘴雀","Chinese Grosbeak","Picogordo chino","1","0.02"
"Coturnix japonica","鹌鹑","Japanese Quail","Codorniz japonesa","1","0.02"
"Calliope tschebaiewi","白须黑胸歌鸲","Chinese Rubythroat","Ruiseñor pechinegro chino","1","0.02"
"Amandava amandava","红梅花雀","Red Avadavat","Bengalí rojo","1","0.02"
"Cuculus micropterus","四声杜鹃","Indian Cuckoo","Cuco alicorto","1","0.02"
"Grus vipio",NULL,NULL,NULL,"1","0.02"
"Eurystomus orientalis","三宝鸟","Oriental Dollarbird","Carraca oriental","1","0.02"
"Pluvialis fulva","金斑鸻","Pacific Golden Plover","Chorlito dorado siberiano","1","0.02"
"Pnoepyga albiventer","鳞胸鹪鹛","Scaly-breasted Cupwing","Ratina ventriblanca","1","0.02"
"Alcippe castaneceps",NULL,NULL,NULL,"1","0.02"
"Tadorna tadorna","翘鼻麻鸭","Common Shelduck","Tarro blanco","1","0.02"
"Podiceps nigricollis","黑颈䴙䴘","Black-necked Grebe","Zampullín cuellinegro","1","0.02"
"Poecile weigoldicus","川褐头山雀","Sichuan Tit","Carbonero de Sichuán","1","0.02"
"Emberiza lathami","凤头鹀","Crested Bunting","Escribano crestado","1","0.02"
"Cacomantis merulinus","八声杜鹃","Plaintive Cuckoo","Cuco plañidero","1","0.02"
"Pomatorhinus hypoleucos",NULL,NULL,NULL,"1","0.02"
"Buteo refectus","喜山鵟","Himalayan Buzzard","Busardo del Himalaya","1","0.02"
"Acrocephalus stentoreus","噪大苇莺","Clamorous Reed Warbler","Carricero estentóreo","1","0.02"
"Buteo buteo","欧亚鵟","Common Buzzard","Busardo ratonero","1","0.02"
"Merops philippinus","栗喉蜂虎","Blue-tailed Bee-eater","Abejaruco coliazul","1","0.02"
"Bucephala clangula","鹊鸭","Common Goldeneye","Porrón osculado","1","0.02"
"Porzana bicolor",NULL,NULL,NULL,"1","0.02"
"Porzana fusca",NULL,NULL,NULL,"1","0.02"
"Cholornis unicolor","褐鸦雀","Brown Parrotbill","Picoloro unicolor","1","0.02"
"Prinia inornata","纯色山鹪莺","Plain Prinia","Prinia sencilla","1","0.02"
"Moupinia poecilotis","宝兴鹛雀","Rufous-tailed Babbler","Timalí colirrufo","1","0.02"
"Oriolus chinensis","黑枕黄鹂","Black-naped Oriole","Oropéndola china","1","0.02"
"Muscicapa muttui","褐胸鹟","Brown-breasted Flycatcher","Papamoscas muttui","1","0.02"
"Oriolus tenuirostris","细嘴黄鹂","Slender-billed Oriole","Oropéndola picofina","1","0.02"
"Prunella strophiata","棕胸岩鹨","Rufous-breasted Accentor","Acentor pechirrufo","1","0.02"
"Tetraogallus tibetanus","藏雪鸡","Tibetan Snowcock","Perdigallo tibetano","1","0.02"
"Bombycilla japonica","小太平鸟","Japanese Waxwing","Ampelis japonés","1","0.02"
"Lonchura atricapilla","栗腹文鸟","Chestnut Munia","Capuchino castaño","1","0.02"
"Locustella davidi","北短翅蝗莺","Baikal Bush Warbler","Zarzalero de David","1","0.02"
"Blythipicus pyrrhotis","黄嘴栗啄木鸟","Bay Woodpecker","Pito orejirrojo","1","0.02"
"Leucosticte nemoricola","林岭雀","Plain Mountain Finch","Pinzón montano de Hodgson","1","0.02"
"Batrachostomus hodgsoni","黑顶蟆口鸱","Hodgson's Frogmouth","Podargo colilargo","1","0.02"
"Yuhina nigrimenta","黑颏凤鹛","Black-chinned Yuhina","Yuhina barbinegra","1","0.02"
